"","baseMean","log2FoldChange","lfcSE","stat","pvalue","padj"
"CAETHG_RS04025",1.94523441187375,2.73628284593537,1.21014956887546,2.26111128434983,0.0237523667874943,0.0821625529840988
"CAETHG_RS04030",38521.2911187278,-0.369008830710065,1.01162209442894,-0.364769445766575,0.715283514615914,0.768549308257524
"CAETHG_RS04035",1102.15298233048,-1.31207992759891,0.407321363434557,-3.22124014447801,0.00127637149852581,0.0107427934459256
"CAETHG_RS04130",166.367020807237,0.180976965286849,0.163255808620006,1.10854839908387,0.267625049008168,0.458137795759746
"CAETHG_RS04135",226.901093627261,0.232963039934998,0.17597831580264,1.32381673771823,0.185563915923724,0.340762827423566
"CAETHG_RS04140",115.917539115809,0.593717863651903,0.322931875081053,1.83852356941502,0.065985292061477,0.16661286245523
"CAETHG_RS05495",1.18716242844008,1.5853973524751,1.16891546656606,1.35629769459082,0.175004468723418,0.32732317298269
"CAETHG_RS05825",573.98424007994,1.29591333207536,0.300189104239387,4.31698990327753,1.58171390548924e-05,0.000266255174090688
"CAETHG_RS06225",20448.7428092264,0.280968182580122,0.425710636953309,0.659998031975268,0.509255092279295,0.67677321473959
"CAETHG_RS06250",62.7661449053156,-0.200197404402313,0.206522665454242,-0.969372557544631,0.332359339319719,0.532830051925264
"CAETHG_RS06290",9129.28603743269,-0.441185978387067,0.345513797662543,-1.2768982928374,0.201638156938423,0.363668818763942
"CAETHG_RS06710",179.698073063534,0.246331504635446,0.232037594788542,1.06160169803488,0.288416542534912,0.472627422221417
"CAETHG_RS06715",55.8362111841555,0.682407019034118,0.261084031357884,2.61374476058515,0.00895559119348963,0.0523025281860008
"CAETHG_RS06720",14.2264203323222,1.11205212247773,0.443065717476021,2.50990333626503,0.0120764214311651,0.0554417529339851
"CAETHG_RS06725",2.5822520140942,1.33214086204474,0.859667026391444,1.54960097473619,0.121237318871365,0.255103525125165
"CAETHG_RS07690",6.15801027646232,0.219066331657031,0.544482268548518,0.40233877999557,0.687434718182377,0.754552233312165
"CAETHG_RS07695",13.3294148260248,0.396120169865083,0.589831554538405,0.671581855560578,0.501849932561214,0.67677321473959
"CAETHG_RS07700",3.05963960479279,-1.5257594586247,1.00766614973519,-1.51415174462858,0.129987357328311,0.267933124288968
"CAETHG_RS07705",14.7925022239573,-0.360118753792449,0.407185629329942,-0.884409291126149,0.376475309233044,0.564873788184864
"CAETHG_RS07710",39.3768263213561,0.194879372451769,0.225372388904599,0.864699413264252,0.387203791594526,0.566776564507929
"CAETHG_RS07715",46.0448752575772,-0.0887763311507776,0.290268045814141,-0.305842590774257,0.75972449849969,0.799293482796549
"CAETHG_RS07720",64.7958477344199,-0.0827440802461255,0.210883423319051,-0.392368821331869,0.694785719782489,0.754552233312165
"CAETHG_RS07725",28.9967397015809,-0.527450781436693,0.310179594570603,-1.70046898851251,0.0890427448035672,0.204393573299098
"CAETHG_RS07730",284.566013020963,-0.369274912960966,0.122857255071395,-3.00572329038583,0.0026494998535486,0.0191142489434578
"CAETHG_RS07735",29.6916457887287,0.0349052708204364,0.299775613627337,0.116437993064468,0.907305426049691,0.916378480310188
"CAETHG_RS07740",34.6240294541253,-0.546385049080009,0.271240125047812,-2.01439609638764,0.0439679638800689,0.123354565330193
"CAETHG_RS07745",148.729038517908,-0.402097485822483,0.158711868290564,-2.53350609600497,0.0112927776012211,0.0554417529339851
"CAETHG_RS07750",189.589401811046,0.130662212610026,0.222328827910762,0.587698022959355,0.556735002828369,0.720900452380324
"CAETHG_RS07755",197.963186009162,-0.0399235723572994,0.154961065384345,-0.257636150463203,0.796687727249671,0.818171733463624
"CAETHG_RS07760",24.9094715404784,-0.842602130448986,0.421702368460669,-1.99809674658627,0.0457061724022587,0.124765497638598
"CAETHG_RS08395",60.0964258672793,0.110343655166336,0.374300958372602,0.294799285703386,0.768147212125365,0.799823385821257
"CAETHG_RS08555",357115.119012788,-1.1970865998699,0.148596364597439,-8.05596155136713,7.88564199615545e-16,7.96449841611701e-14
"CAETHG_RS08880",59.3618757726764,0.0831071898795499,0.204596293142042,0.406200858301242,0.684595023489621,0.754552233312165
"CAETHG_RS09855",826.081975829978,-0.734188782308464,0.326205037327048,-2.25069725570295,0.0244047187081482,0.0821625529840988
"CAETHG_RS09860",141.861867592471,-0.807065904970859,0.276003703201993,-2.92411259562053,0.00345439769839657,0.0232596111692036
"CAETHG_RS09945",34.3138883512448,0.134158778990097,0.29571597274745,0.453674442214432,0.650063164791804,0.754552233312165
"CAETHG_RS09950",1082.84431894961,-0.238299064531437,0.217047973577257,-1.09790964920765,0.272243944084639,0.45827730587581
"CAETHG_RS09955",38.8125751708207,-0.156694551389381,0.28251700199693,-0.554637598027051,0.579142566710027,0.72499414781188
"CAETHG_RS09960",3.86491812681654,-0.942201372740222,0.674265285478224,-1.39737488052935,0.162300868837725,0.315238226011735
"CAETHG_RS09965",62503.9553759464,0.0144032026947974,0.656734060481329,0.0219315603704811,0.982502549290198,0.982502549290198
"CAETHG_RS09970",1839.95340031282,-1.33542219831299,0.367994327322472,-3.62892060872113,0.000284608744049858,0.00334718446013339
"CAETHG_RS09985",157.726680604048,-0.235806267850012,0.146817013412639,-1.60612358451444,0.108246758880598,0.237672231455225
"CAETHG_RS10035",4.95179524855129,0.365328892889012,0.549764192572961,0.664519257209585,0.506358027904696,0.67677321473959
"CAETHG_RS10040",80.9318421513438,0.547235468989639,0.210471802822837,2.60004172364252,0.00932124264701005,0.0523025281860008
"CAETHG_RS10045",234.999211087913,0.143583269296954,0.152816706806683,0.939578350412894,0.347433885569058,0.539858806807305
"CAETHG_RS10050",15.5814392097068,0.439943483032407,0.465620872384226,0.944853440052339,0.344733704608766,0.539858806807305
"CAETHG_RS10055",43.5372049930255,-0.114267149054973,0.274335756534901,-0.416522988101392,0.677027349464908,0.754552233312165
"CAETHG_RS10165",21.3021984555299,-0.186265364398656,0.403842394448018,-0.461232814977854,0.644631580933423,0.754552233312165
"CAETHG_RS10375",9.00941645327218,1.30181381837923,0.43021853449532,3.02593615569436,0.00247864633610478,0.0191142489434578
"CAETHG_RS10380",11.34494806611,0.708940222448379,0.489957774039433,1.44694147130998,0.147913316718963,0.298784899772306
"CAETHG_RS10385",31.4828987946514,0.8334295489668,0.253630470773156,3.28599929821606,0.00101621263137171,0.00933067961532205
"CAETHG_RS10390",42.4142353219165,0.61828477925414,0.248111379029675,2.4919646235983,0.0127038689864476,0.0557865551144005
"CAETHG_RS10590",1.84678089850147,1.64168543375763,1.05914630937145,1.55000817095033,0.12113955484137,0.255103525125165
"CAETHG_RS10780",542.542306237134,-0.32346910522638,0.79120646509344,-0.408830209935378,0.682664268252952,0.754552233312165
"CAETHG_RS10785",47299.9497661627,-0.950428252438536,0.462572072358004,-2.05465982326525,0.0399118730878635,0.115174262339263
"CAETHG_RS10790",1.90242627766911,0.419225845430614,1.02303754791508,0.409785394763844,0.681963381000044,0.754552233312165
"CAETHG_RS10795",1.11375402584914,-0.654773156636043,1.18769853484181,-0.551295751765199,0.581430950225369,0.72499414781188
"CAETHG_RS10830",91.4951823833721,0.712548324947764,0.386203430879788,1.84500775491442,0.0650364105334745,0.16661286245523
"CAETHG_RS10835",59.0778415783221,0.324154298086194,0.268722126438759,1.20628063785461,0.22770930069655,0.399034836433672
"CAETHG_RS10840",100.771855824417,0.217477525077073,0.205586122287556,1.05784146642391,0.290127724531959,0.472627422221417
"CAETHG_RS11105",103.546982852946,-0.245234242228508,0.26449994520513,-0.92716178840158,0.353842539182031,0.541486309960381
"CAETHG_RS11115",39.4529841104076,-0.687237887465082,0.278871327864327,-2.464354771529,0.0137260175641229,0.0577636572490172
"CAETHG_RS11150",98.7689745667054,0.298558329505768,0.166415777028412,1.794050629315,0.072805088152733,0.179349119595757
"CAETHG_RS11155",100606.969944025,0.0896202440622446,0.172040285317077,0.520925920908994,0.602418377514717,0.742003123524225
"CAETHG_RS11235",58.943724411976,-1.95459879254602,0.822268457384514,-2.37708107977684,0.0174502519308408,0.0677875171159583
"CAETHG_RS11240",46871.3444762691,-0.207957660584279,0.281449943770161,-0.738879737542609,0.459980027269249,0.645249760474918
"CAETHG_RS11245",1.07901401242469,-0.690927997756041,1.47913981305697,-0.467114732263264,0.640417794440124,0.754552233312165
"CAETHG_RS11250",1.43321961450085,-0.785829916555443,1.0147968898739,-0.77437162490032,0.438711058553706,0.624081928365131
"CAETHG_RS11305",30.5941564504662,-2.65099439339904,0.732966182294679,-3.61680314513234,0.000298263961794064,0.00334718446013339
"CAETHG_RS11310",123152.816325092,-0.528213079802448,0.602073472283155,-0.87732329046052,0.380311065312582,0.564873788184864
"CAETHG_RS11315",1.97872070251266,-2.5729561057628,1.25033809193117,-2.05780830190402,0.0396085388284195,0.115174262339263
"CAETHG_RS11320",1.11438886367245,0.43814497760221,1.06986714938641,0.40953213476411,0.682149189230228,0.754552233312165
"CAETHG_RS11385",50.046548049297,1.7099881151751,0.69831613731939,2.44873063042649,0.0143360617179825,0.0579176893406494
"CAETHG_RS11390",45496.4088562177,-0.836917531468554,0.583766940081446,-1.43365009904773,0.151672139072021,0.300370314632826
"CAETHG_RS11395",16.6387999677738,-0.911847979340259,0.758259096915709,-1.20255461892813,0.22914871795201,0.399034836433672
"CAETHG_RS11405",1.49847456614338,3.06138645255961,1.16477055340077,2.6283171768219,0.00858084662789431,0.0523025281860008
"CAETHG_RS11980",53.3150883525536,0.679149887489722,0.269334428888069,2.52158585997918,0.0116827160703727,0.0554417529339851
"CAETHG_RS11985",19.3291609495654,0.861929854949212,0.393897868723383,2.18820644483991,0.0286545678708825,0.0904409798424728
"CAETHG_RS11990",61.2117077378407,1.10382582875651,0.218953575970774,5.04136926680681,4.62212573225205e-07,1.16708674739364e-05
"CAETHG_RS11995",39.1014958758392,0.842957591566567,0.22700899683597,3.71332239389466,0.0002045560346392,0.00295145135693703
"CAETHG_RS12000",36.5996075038973,1.42381822102938,0.220575598795854,6.4550123803456,1.08210056171079e-10,3.64307189109299e-09
"CAETHG_RS12105",107.981832812234,0.646742722674675,0.274564914368478,2.35551845421414,0.0184968782589573,0.0691920260798034
"CAETHG_RS13785",1525.80055512121,-0.975059231374079,0.4404364146381,-2.21384789941874,0.0268392437739125,0.0874439877795214
"CAETHG_RS13790",1.4381395215816,0.331248601862799,1.32077865322335,0.25079796758858,0.801970312998998,0.818171733463624
"CAETHG_RS13795",121.713633314864,-0.729737479856113,0.351287009555804,-2.07732554864142,0.0377715225811786,0.115174262339263
"CAETHG_RS13800",36168.3589822832,-1.03277948383681,0.638987136791699,-1.61627585967115,0.106034683717643,0.237672231455225
"CAETHG_RS13825",3.81120904053144,-0.394041379202528,0.912388438744721,-0.431878970041156,0.665829380092202,0.754552233312165
"CAETHG_RS13830",39.7693456972374,2.45044406743748,0.347157639068155,7.05859180865211,1.68198354933888e-12,8.49401692416132e-11
"CAETHG_RS13930",181.559113688201,-0.187943104854221,0.337887151433937,-0.556230398393727,0.578053360901054,0.72499414781188
"CAETHG_RS13935",3.68469025071012,-1.44055916716851,0.729870016350315,-1.97372016235434,0.048413571264334,0.128678176255203
"CAETHG_RS13940",4.92128431990028,-1.02454998221971,0.586177244186068,-1.74785014666057,0.0804899793153961,0.189057858391977
"CAETHG_RS13945",4772.87059925615,-2.08653474348906,0.821994444051596,-2.53838059197161,0.0111366799643467,0.0554417529339851
"CAETHG_RS13950",2.13237506204444,0.287293193310658,0.854036681209292,0.336394442571084,0.736573439741925,0.783093867515099
"CAETHG_RS13955",4.1746857268457,-1.08512071858883,0.782740786449247,-1.38630915543737,0.165652522414916,0.315677448375594
"CAETHG_RS14160",12942.4400494804,0.419183163847133,0.648390692271772,0.646497811957228,0.517957013690464,0.679398160814764
"CAETHG_RS14415",82.5400037203498,-0.334421212440996,0.191262253862702,-1.74849561629165,0.0803782440207449,0.189057858391977
"CAETHG_RS14810",76782.1438627325,-0.824491837682098,0.169347749073001,-4.86863180759895,1.12373558627335e-06,2.26994588427216e-05
"CAETHG_RS18175",14.6482589670264,0.249309530035802,0.359372892682881,0.693734934136498,0.487848453645767,0.6749684084688
"CAETHG_RS18180",570.018059355493,-1.10413129958417,0.308745424994536,-3.57618675516797,0.000348642628165634,0.0035212905444729
"CAETHG_RS18185",50168.1267668285,-0.674699445112954,0.296075397367086,-2.2788095570009,0.0226783885502843,0.0818041872706685
"CAETHG_RS18190",4.76132142820481,-0.715335074797083,0.894859477356465,-0.799382576703863,0.42406861013235,0.611870423190962
